{
  "annotations": {
    "list": [
      {
        "builtIn": 1,
        "datasource": "-- Grafana --",
        "enable": true,
        "hide": true,
        "iconColor": "rgba(0, 211, 255, 1)",
        "name": "Annotations & Alerts",
        "target": {
          "limit": 100,
          "matchAny": false,
          "tags": [],
          "type": "dashboard"
        },
        "type": "dashboard"
      },
      {
        "datasource": "amp",
        "enable": true,
        "expr": "sum(changes(nginx_ingress_controller_config_last_reload_successful_timestamp_seconds{instance!=\"unknown\",controller_class=~\"$controller_class\",namespace=~\"$namespace\"}[30s])) by (controller_class)",
        "hide": false,
        "iconColor": "rgba(255, 96, 96, 1)",
        "limit": 100,
        "name": "Config Reloads",
        "showIn": 0,
        "step": "30s",
        "tagKeys": "controller_class",
        "tags": [],
        "titleFormat": "Config Reloaded",
        "type": "tags"
      }
    ]
  },
  "description": "Ingress-nginx supports a rich collection of prometheus metrics. If you have prometheus and grafana installed on your cluster then prometheus will already be scraping this data due to the scrape annotation on the deployment.",
  "editable": true,
  "fiscalYearStartMonth": 0,
  "gnetId": 9614,
  "graphTooltip": 0,
  "id": 37,
  "iteration": 1649712163506,
  "links": [],
  "liveNow": false,
  "panels": [
    {
      "cacheTimeout": null,
      "datasource": "amp",
      "fieldConfig": {
        "defaults": {
          "color": {
            "fixedColor": "rgb(31, 120, 193)",
            "mode": "fixed"
          },
          "mappings": [
            {
              "options": {
                "match": "null",
                "result": {
                  "text": "N/A"
                }
              },
              "type": "special"
            }
          ],
          "thresholds": {
            "mode": "absolute",
            "steps": [
              {
                "color": "green",
                "value": null
              },
              {
                "color": "red",
                "value": 80
              }
            ]
          },
          "unit": "ops"
        },
        "overrides": []
      },
      "gridPos": {
        "h": 6,
        "w": 7,
        "x": 0,
        "y": 0
      },
      "id": 20,
      "interval": null,
      "links": [],
      "maxDataPoints": 100,
      "options": {
        "colorMode": "none",
        "graphMode": "area",
        "justifyMode": "auto",
        "orientation": "horizontal",
        "reduceOptions": {
          "calcs": [
            "mean"
          ],
          "fields": "",
          "values": false
        },
        "text": {},
        "textMode": "auto"
      },
      "pluginVersion": "8.2.5",
      "targets": [
        {
          "expr": "round(sum(irate(nginx_ingress_controller_requests{controller_pod=~\"$controller\",controller_class=~\"$controller_class\",namespace=~\"$namespace\"}[2m])), 0.001)",
          "format": "time_series",
          "intervalFactor": 1,
          "refId": "A",
          "step": 4
        }
      ],
      "title": "Controller Request Volume",
      "type": "stat"
    },
    {
      "cacheTimeout": null,
      "datasource": "amp",
      "fieldConfig": {
        "defaults": {
          "color": {
            "fixedColor": "rgb(31, 120, 193)",
            "mode": "fixed"
          },
          "mappings": [
            {
              "options": {
                "match": "null",
                "result": {
                  "text": "N/A"
                }
              },
              "type": "special"
            }
          ],
          "thresholds": {
            "mode": "absolute",
            "steps": [
              {
                "color": "green",
                "value": null
              },
              {
                "color": "red",
                "value": 80
              }
            ]
          },
          "unit": "none"
        },
        "overrides": []
      },
      "gridPos": {
        "h": 6,
        "w": 8,
        "x": 7,
        "y": 0
      },
      "id": 82,
      "interval": null,
      "links": [],
      "maxDataPoints": 100,
      "options": {
        "colorMode": "none",
        "graphMode": "area",
        "justifyMode": "auto",
        "orientation": "horizontal",
        "reduceOptions": {
          "calcs": [
            "mean"
          ],
          "fields": "",
          "values": false
        },
        "text": {},
        "textMode": "auto"
      },
      "pluginVersion": "8.2.5",
      "targets": [
        {
          "expr": "sum(avg_over_time(nginx_ingress_controller_nginx_process_connections{controller_pod=~\"$controller\",controller_class=~\"$controller_class\",controller_namespace=~\"$namespace\"}[2m]))",
          "format": "time_series",
          "instant": false,
          "intervalFactor": 1,
          "refId": "A",
          "step": 4
        }
      ],
      "title": "Controller Connections",
      "type": "stat"
    },
    {
      "cacheTimeout": null,
      "datasource": "amp",
      "fieldConfig": {
        "defaults": {
          "color": {
            "fixedColor": "rgb(31, 120, 193)",
            "mode": "fixed"
          },
          "mappings": [
            {
              "options": {
                "match": "null",
                "result": {
                  "text": "N/A"
                }
              },
              "type": "special"
            }
          ],
          "thresholds": {
            "mode": "absolute",
            "steps": [
              {
                "color": "rgba(245, 54, 54, 0.9)",
                "value": null
              },
              {
                "color": "rgba(237, 129, 40, 0.89)",
                "value": 95
              },
              {
                "color": "rgba(50, 172, 45, 0.97)",
                "value": 99
              }
            ]
          },
          "unit": "percentunit"
        },
        "overrides": []
      },
      "gridPos": {
        "h": 6,
        "w": 9,
        "x": 15,
        "y": 0
      },
      "id": 21,
      "interval": null,
      "links": [],
      "maxDataPoints": 100,
      "options": {
        "colorMode": "none",
        "graphMode": "area",
        "justifyMode": "auto",
        "orientation": "horizontal",
        "reduceOptions": {
          "calcs": [
            "mean"
          ],
          "fields": "",
          "values": false
        },
        "text": {},
        "textMode": "auto"
      },
      "pluginVersion": "8.2.5",
      "targets": [
        {
          "expr": "sum(rate(nginx_ingress_controller_requests{controller_pod=~\"$controller\",controller_class=~\"$controller_class\",namespace=~\"$namespace\",status!~\"[4-5].*\"}[2m])) / sum(rate(nginx_ingress_controller_requests{controller_pod=~\"$controller\",controller_class=~\"$controller_class\",namespace=~\"$namespace\"}[2m]))",
          "format": "time_series",
          "intervalFactor": 1,
          "refId": "A",
          "step": 4
        }
      ],
      "title": "Controller Success Rate (non-4|5xx responses)",
      "type": "stat"
    },
    {
      "aliasColors": {},
      "bars": false,
      "dashLength": 10,
      "dashes": false,
      "datasource": "amp",
      "decimals": 2,
      "editable": true,
      "error": false,
      "fill": 1,
      "fillGradient": 0,
      "grid": {},
      "gridPos": {
        "h": 6,
        "w": 7,
        "x": 0,
        "y": 6
      },
      "height": "200px",
      "hiddenSeries": false,
      "id": 86,
      "isNew": true,
      "legend": {
        "alignAsTable": true,
        "avg": true,
        "current": false,
        "hideEmpty": false,
        "hideZero": true,
        "max": false,
        "min": false,
        "rightSide": true,
        "show": true,
        "sideWidth": 300,
        "sort": "current",
        "sortDesc": true,
        "total": false,
        "values": true
      },
      "lines": true,
      "linewidth": 2,
      "links": [],
      "nullPointMode": "connected",
      "options": {
        "alertThreshold": true
      },
      "percentage": false,
      "pluginVersion": "8.2.5",
      "pointradius": 5,
      "points": false,
      "renderer": "flot",
      "repeat": null,
      "repeatDirection": "h",
      "seriesOverrides": [],
      "spaceLength": 10,
      "stack": false,
      "steppedLine": false,
      "targets": [
        {
          "expr": "round(sum(irate(nginx_ingress_controller_requests{controller_pod=~\"$controller\",controller_class=~\"$controller_class\",controller_namespace=~\"$namespace\",ingress=~\"$ingress\"}[2m])) by (ingress), 0.001)",
          "format": "time_series",
          "hide": false,
          "instant": false,
          "interval": "",
          "intervalFactor": 1,
          "legendFormat": "{{ ingress }}",
          "metric": "network",
          "refId": "A",
          "step": 10
        }
      ],
      "thresholds": [],
      "timeFrom": null,
      "timeRegions": [],
      "timeShift": null,
      "title": "Ingress Request Volume",
      "tooltip": {
        "msResolution": false,
        "shared": true,
        "sort": 2,
        "value_type": "cumulative"
      },
      "type": "graph",
      "xaxis": {
        "buckets": null,
        "mode": "time",
        "name": null,
        "show": true,
        "values": []
      },
      "yaxes": [
        {
          "format": "reqps",
          "label": null,
          "logBase": 1,
          "max": null,
          "min": null,
          "show": true
        },
        {
          "format": "Bps",
          "label": null,
          "logBase": 1,
          "max": null,
          "min": null,
          "show": false
        }
      ],
      "yaxis": {
        "align": false,
        "alignLevel": null
      }
    },
    {
      "aliasColors": {
        "max - istio-proxy": "#890f02",
        "max - master": "#bf1b00",
        "max - prometheus": "#bf1b00"
      },
      "bars": false,
      "dashLength": 10,
      "dashes": false,
      "datasource": "amp",
      "decimals": 2,
      "editable": false,
      "error": false,
      "fill": 0,
      "fillGradient": 0,
      "grid": {},
      "gridPos": {
        "h": 6,
        "w": 8,
        "x": 7,
        "y": 6
      },
      "hiddenSeries": false,
      "id": 77,
      "isNew": true,
      "legend": {
        "alignAsTable": true,
        "avg": true,
        "current": true,
        "max": false,
        "min": false,
        "rightSide": false,
        "show": false,
        "sideWidth": 200,
        "sort": "current",
        "sortDesc": true,
        "total": false,
        "values": true
      },
      "lines": true,
      "linewidth": 2,
      "links": [],
      "nullPointMode": "connected",
      "options": {
        "alertThreshold": true
      },
      "percentage": false,
      "pluginVersion": "8.2.5",
      "pointradius": 5,
      "points": false,
      "renderer": "flot",
      "seriesOverrides": [],
      "spaceLength": 10,
      "stack": false,
      "steppedLine": false,
      "targets": [
        {
          "expr": "avg(nginx_ingress_controller_nginx_process_resident_memory_bytes{controller_pod=~\"$controller\",controller_class=~\"$controller_class\",controller_namespace=~\"$namespace\"}) ",
          "format": "time_series",
          "instant": false,
          "interval": "10s",
          "intervalFactor": 1,
          "legendFormat": "nginx",
          "metric": "container_memory_usage:sort_desc",
          "refId": "A",
          "step": 10
        }
      ],
      "thresholds": [],
      "timeFrom": null,
      "timeRegions": [],
      "timeShift": null,
      "title": "Average Memory Usage",
      "tooltip": {
        "msResolution": false,
        "shared": true,
        "sort": 2,
        "value_type": "cumulative"
      },
      "type": "graph",
      "xaxis": {
        "buckets": null,
        "mode": "time",
        "name": null,
        "show": true,
        "values": []
      },
      "yaxes": [
        {
          "format": "bytes",
          "label": null,
          "logBase": 1,
          "max": null,
          "min": null,
          "show": true
        },
        {
          "format": "short",
          "label": null,
          "logBase": 1,
          "max": null,
          "min": null,
          "show": false
        }
      ],
      "yaxis": {
        "align": false,
        "alignLevel": null
      }
    },
    {
      "aliasColors": {
        "max - istio-proxy": "#890f02",
        "max - master": "#bf1b00"
      },
      "bars": false,
      "dashLength": 10,
      "dashes": false,
      "datasource": "amp",
      "decimals": 3,
      "editable": false,
      "error": false,
      "fill": 0,
      "fillGradient": 0,
      "grid": {},
      "gridPos": {
        "h": 6,
        "w": 9,
        "x": 15,
        "y": 6
      },
      "height": "",
      "hiddenSeries": false,
      "id": 79,
      "isNew": true,
      "legend": {
        "alignAsTable": true,
        "avg": true,
        "current": true,
        "max": false,
        "min": false,
        "rightSide": false,
        "show": false,
        "sort": null,
        "sortDesc": null,
        "total": false,
        "values": true
      },
      "lines": true,
      "linewidth": 2,
      "links": [],
      "nullPointMode": "connected",
      "options": {
        "alertThreshold": true
      },
      "percentage": false,
      "pluginVersion": "8.2.5",
      "pointradius": 5,
      "points": false,
      "renderer": "flot",
      "seriesOverrides": [],
      "spaceLength": 10,
      "stack": false,
      "steppedLine": false,
      "targets": [
        {
          "expr": "sum (rate (nginx_ingress_controller_nginx_process_cpu_seconds_total{controller_pod=~\"$controller\",controller_class=~\"$controller_class\",controller_namespace=~\"$namespace\"}[2m])) ",
          "format": "time_series",
          "interval": "10s",
          "intervalFactor": 1,
          "legendFormat": "nginx",
          "metric": "container_cpu",
          "refId": "A",
          "step": 10
        }
      ],
      "thresholds": [
        {
          "colorMode": "critical",
          "fill": true,
          "line": true,
          "op": "gt"
        }
      ],
      "timeFrom": null,
      "timeRegions": [],
      "timeShift": null,
      "title": "Average CPU Usage",
      "tooltip": {
        "msResolution": true,
        "shared": true,
        "sort": 2,
        "value_type": "cumulative"
      },
      "type": "graph",
      "xaxis": {
        "buckets": null,
        "mode": "time",
        "name": null,
        "show": true,
        "values": []
      },
      "yaxes": [
        {
          "format": "none",
          "label": "cores",
          "logBase": 1,
          "max": null,
          "min": null,
          "show": true
        },
        {
          "format": "short",
          "label": null,
          "logBase": 1,
          "max": null,
          "min": null,
          "show": true
        }
      ],
      "yaxis": {
        "align": false,
        "alignLevel": null
      }
    },
    {
      "aliasColors": {},
      "bars": false,
      "dashLength": 10,
      "dashes": false,
      "datasource": "amp",
      "decimals": 2,
      "editable": true,
      "error": false,
      "fill": 1,
      "fillGradient": 0,
      "grid": {},
      "gridPos": {
        "h": 6,
        "w": 11,
        "x": 0,
        "y": 12
      },
      "height": "200px",
      "hiddenSeries": false,
      "id": 32,
      "isNew": true,
      "legend": {
        "alignAsTable": false,
        "avg": true,
        "current": true,
        "max": false,
        "min": false,
        "rightSide": false,
        "show": false,
        "sideWidth": 200,
        "sort": "current",
        "sortDesc": true,
        "total": false,
        "values": true
      },
      "lines": true,
      "linewidth": 2,
      "links": [],
      "nullPointMode": "connected",
      "options": {
        "alertThreshold": true
      },
      "percentage": false,
      "pluginVersion": "8.2.5",
      "pointradius": 5,
      "points": false,
      "renderer": "flot",
      "seriesOverrides": [],
      "spaceLength": 10,
      "stack": false,
      "steppedLine": false,
      "targets": [
        {
          "expr": "sum (irate (nginx_ingress_controller_request_size_sum{controller_pod=~\"$controller\",controller_class=~\"$controller_class\",controller_namespace=~\"$namespace\"}[2m]))",
          "format": "time_series",
          "instant": false,
          "interval": "10s",
          "intervalFactor": 1,
          "legendFormat": "Received",
          "metric": "network",
          "refId": "A",
          "step": 10
        },
        {
          "expr": "- sum (irate (nginx_ingress_controller_response_size_sum{controller_pod=~\"$controller\",controller_class=~\"$controller_class\",controller_namespace=~\"$namespace\"}[2m]))",
          "format": "time_series",
          "hide": false,
          "interval": "10s",
          "intervalFactor": 1,
          "legendFormat": "Sent",
          "metric": "network",
          "refId": "B",
          "step": 10
        }
      ],
      "thresholds": [],
      "timeFrom": null,
      "timeRegions": [],
      "timeShift": null,
      "title": "Network I/O pressure",
      "tooltip": {
        "msResolution": false,
        "shared": true,
        "sort": 0,
        "value_type": "cumulative"
      },
      "type": "graph",
      "xaxis": {
        "buckets": null,
        "mode": "time",
        "name": null,
        "show": true,
        "values": []
      },
      "yaxes": [
        {
          "format": "Bps",
          "label": null,
          "logBase": 1,
          "max": null,
          "min": null,
          "show": true
        },
        {
          "format": "Bps",
          "label": null,
          "logBase": 1,
          "max": null,
          "min": null,
          "show": false
        }
      ],
      "yaxis": {
        "align": false,
        "alignLevel": null
      }
    },
    {
      "aliasColors": {
        "max - istio-proxy": "#890f02",
        "max - master": "#bf1b00",
        "max - prometheus": "#bf1b00"
      },
      "bars": false,
      "dashLength": 10,
      "dashes": false,
      "datasource": "amp",
      "decimals": 2,
      "editable": false,
      "error": false,
      "fill": 0,
      "fillGradient": 0,
      "grid": {},
      "gridPos": {
        "h": 6,
        "w": 13,
        "x": 11,
        "y": 12
      },
      "hiddenSeries": false,
      "id": 87,
      "isNew": true,
      "legend": {
        "alignAsTable": true,
        "avg": true,
        "current": false,
        "hideEmpty": true,
        "hideZero": false,
        "max": false,
        "min": false,
        "rightSide": true,
        "show": true,
        "sideWidth": 300,
        "sort": "avg",
        "sortDesc": true,
        "total": false,
        "values": true
      },
      "lines": true,
      "linewidth": 2,
      "links": [],
      "nullPointMode": "connected",
      "options": {
        "alertThreshold": true
      },
      "percentage": false,
      "pluginVersion": "8.2.5",
      "pointradius": 5,
      "points": false,
      "renderer": "flot",
      "seriesOverrides": [],
      "spaceLength": 10,
      "stack": false,
      "steppedLine": false,
      "targets": [
        {
          "expr": "sum(rate(nginx_ingress_controller_requests{controller_pod=~\"$controller\",controller_class=~\"$controller_class\",namespace=~\"$namespace\",ingress=~\"$ingress\",status!~\"[4-5].*\"}[2m])) by (ingress) / sum(rate(nginx_ingress_controller_requests{controller_pod=~\"$controller\",controller_class=~\"$controller_class\",namespace=~\"$namespace\",ingress=~\"$ingress\"}[2m])) by (ingress)",
          "format": "time_series",
          "instant": false,
          "interval": "10s",
          "intervalFactor": 1,
          "legendFormat": "{{ ingress }}",
          "metric": "container_memory_usage:sort_desc",
          "refId": "A",
          "step": 10
        }
      ],
      "thresholds": [],
      "timeFrom": null,
      "timeRegions": [],
      "timeShift": null,
      "title": "Ingress Success Rate (non-4|5xx responses)",
      "tooltip": {
        "msResolution": false,
        "shared": true,
        "sort": 1,
        "value_type": "cumulative"
      },
      "type": "graph",
      "xaxis": {
        "buckets": null,
        "mode": "time",
        "name": null,
        "show": true,
        "values": []
      },
      "yaxes": [
        {
          "format": "percentunit",
          "label": null,
          "logBase": 1,
          "max": null,
          "min": null,
          "show": true
        },
        {
          "format": "short",
          "label": null,
          "logBase": 1,
          "max": null,
          "min": null,
          "show": false
        }
      ],
      "yaxis": {
        "align": false,
        "alignLevel": null
      }
    }
  ],
  "refresh": "5s",
  "schemaVersion": 32,
  "style": "dark",
  "tags": [
    "nginx"
  ],
  "templating": {
    "list": [
      {
        "allValue": ".*",
        "current": {
          "selected": true,
          "text": "All",
          "value": "$__all"
        },
        "datasource": "amp",
        "definition": "",
        "description": null,
        "error": null,
        "hide": 0,
        "includeAll": true,
        "label": "Namespace",
        "multi": false,
        "name": "namespace",
        "options": [],
        "query": {
          "query": "label_values(nginx_ingress_controller_config_hash, controller_namespace)",
          "refId": "amp-namespace-Variable-Query"
        },
        "refresh": 1,
        "regex": "",
        "skipUrlSync": false,
        "sort": 0,
        "tagValuesQuery": "",
        "tagsQuery": "",
        "type": "query",
        "useTags": false
      },
      {
        "allValue": ".*",
        "current": {
          "selected": false,
          "text": "All",
          "value": "$__all"
        },
        "datasource": "amp",
        "definition": "",
        "description": null,
        "error": null,
        "hide": 0,
        "includeAll": true,
        "label": "Controller Class",
        "multi": false,
        "name": "controller_class",
        "options": [],
        "query": {
          "query": "label_values(nginx_ingress_controller_config_hash{namespace=~\"$namespace\"}, controller_class) ",
          "refId": "amp-controller_class-Variable-Query"
        },
        "refresh": 1,
        "regex": "",
        "skipUrlSync": false,
        "sort": 0,
        "tagValuesQuery": "",
        "tagsQuery": "",
        "type": "query",
        "useTags": false
      },
      {
        "allValue": ".*",
        "current": {
          "selected": false,
          "text": "All",
          "value": "$__all"
        },
        "datasource": "amp",
        "definition": "",
        "description": null,
        "error": null,
        "hide": 0,
        "includeAll": true,
        "label": "Controller",
        "multi": false,
        "name": "controller",
        "options": [],
        "query": {
          "query": "label_values(nginx_ingress_controller_config_hash{namespace=~\"$namespace\",controller_class=~\"$controller_class\"}, controller_pod) ",
          "refId": "amp-controller-Variable-Query"
        },
        "refresh": 1,
        "regex": "",
        "skipUrlSync": false,
        "sort": 0,
        "tagValuesQuery": "",
        "tagsQuery": "",
        "type": "query",
        "useTags": false
      },
      {
        "allValue": ".*",
        "current": {
          "selected": false,
          "text": "All",
          "value": "$__all"
        },
        "datasource": "amp",
        "definition": "",
        "description": null,
        "error": null,
        "hide": 0,
        "includeAll": true,
        "label": "Ingress",
        "multi": false,
        "name": "ingress",
        "options": [],
        "query": {
          "query": "label_values(nginx_ingress_controller_requests{namespace=~\"$namespace\",controller_class=~\"$controller_class\",controller=~\"$controller\"}, ingress) ",
          "refId": "amp-ingress-Variable-Query"
        },
        "refresh": 1,
        "regex": "",
        "skipUrlSync": false,
        "sort": 2,
        "tagValuesQuery": "",
        "tagsQuery": "",
        "type": "query",
        "useTags": false
      }
    ]
  },
  "time": {
    "from": "now-3h",
    "to": "now"
  },
  "timepicker": {
    "refresh_intervals": [
      "5s",
      "10s",
      "30s",
      "2m",
      "5m",
      "15m",
      "30m",
      "1h",
      "2h",
      "1d"
    ],
    "time_options": [
      "5m",
      "15m",
      "1h",
      "6h",
      "12h",
      "24h",
      "2d",
      "7d",
      "30d"
    ]
  },
  "timezone": "browser",
  "title": "NGINX Ingress controller - Draft",
  "uid": "nginx",
  "version": 5
}
